Workbook

Sheet Reactions
B1: Reactions | C1: G_f | D1: G_b | E1: DelG_rxn
A2: 1 | B2: CO2 + * → CO2* | C2: 0 | D2: =C2-E2 -> 26149.213 | E2: =(0.0694*('Local Environment'!$B$2)-0.271)*96491.56 -> -26149.213
A3: 2 | B3: CO2* → CO2*(bent) | C3: =(0.0265*('Local Environment'!$B$2-0.059*'Local Environment'!$C$2)+0.329)*96491.56 -> 31594.859 | D3: =C3-E3 -> 72024.822 | E3: =(0.021*('Local Environment'!$B$2)-0.419)*96491.56 -> -40429.964
A4: 3 | B4: CO2*(bent) + H → COOH* | C4: =(0.553*('Local Environment'!$B$2-0.059*'Local Environment'!$C$2)+0.4704)*96491.56 -> 42241.4 | D4: =C4-E4 -> 41963.89 | E4: =(0.536*('Local Environment'!$B$2-0.059*'Local Environment'!$C$2)+0.0345)*96491.56 -> 277.50973
A5: 4 | B5: COOH* + H → CO* + H2O | C5: =(0.0389*('Local Environment'!$B$2-0.059*'Local Environment'!$C$2)+0.91)*96491.56 -> 87585.862 | D5: =C5-E5 -> 110979.37 | E5: =(0.499*('Local Environment'!$B$2-0.059*'Local Environment'!$C$2)-0.213)*96491.56 -> -23393.51
A6: 5 | B6: CO* + H → CHO* | C6: =(0.5513*('Local Environment'!$B$2-0.059*'Local Environment'!$C$2)+0.769)*96491.56 -> 71063.458 | D6: =C6-E6 -> 75231.835 | E6: =(0.4966*('Local Environment'!$B$2-0.059*'Local Environment'!$C$2)-0.0139)*96491.56 -> -4168.3775
A7: 6 | B7: CHO* + H → CH2O* | C7: =(0.4729*('Local Environment'!$B$2-0.059*'Local Environment'!$C$2)+0.3789)*96491.56 -> 33868.431 | D7: =C7-E7 -> 119981.17 | E7: =(0.482*('Local Environment'!$B$2-0.059*'Local Environment'!$C$2)-0.864)*96491.56 -> -86112.735
A8: 7 | B8: CH2O* + H → CH3O* | C8: =(0.612*('Local Environment'!$B$2-0.059*'Local Environment'!$C$2)+0.914)*96491.56 -> 84709.169 | D8: =C8-E8 -> 144097.99 | E8: =(0.598*('Local Environment'!$B$2-0.059*'Local Environment'!$C$2)-0.5802)*96491.56 -> -59388.818
A9: 8 | B9: CH3O* + H + * → CH4* +O* | C9: =(1.01*('Local Environment'!$B$2-0.059*'Local Environment'!$C$2)+1.5)*96491.56 -> 138987.41 | D9: =C9-E9 -> 224214.49 | E9: =(0.9705*('Local Environment'!$B$2-0.059*'Local Environment'!$C$2)-0.826)*96491.56 -> -85227.087
A10: 9 | B10: CH4* + O* + H → CH4* +OH* | C10: 0 | D10: 0 | E10: =(0.4648*('Local Environment'!$B$2-0.059*'Local Environment'!$C$2)-0.005)*96491.56 -> -3128.5651
A11: 10 | B11: CH4*+OH* + H →CH4* +H2O + * | C11: =(0.3596*('Local Environment'!$B$2-0.059*'Local Environment'!$C$2)+0.049)*96491.56 -> 2680.8829 | D11: =C11-E11 -> 70095.3 | E11: =(0.4179*('Local Environment'!$B$2-0.059*'Local Environment'!$C$2)-0.674)*96491.56 -> -67414.417
A12: 11 | B12: CH4* → CH4 + * | C12: 0 | D12: 0 | E12: =(0.002*('Local Environment'!$B$2)+0.146)*96491.56 -> 14087.768
A13: 12 | B13: CO* + H → COH* | C13: =(0.467*('Local Environment'!$B$2-0.059*'Local Environment'!$C$2)+0.664)*96491.56 -> 61411.764 | D13: =C13-E13 -> 4967.1925 | E13: =(0.509*('Local Environment'!$B$2-0.059*'Local Environment'!$C$2)+0.615)*96491.56 -> 56444.571
A14: 13 | B14: COH* + H → C* + H2O | C14: =(0.432*('Local Environment'!$B$2-0.059*'Local Environment'!$C$2)+0.771)*96491.56 -> 71935.616 | D14: =C14-E14 -> 63048.57 | E14: =(0.4898*('Local Environment'!$B$2-0.059*'Local Environment'!$C$2)+0.121)*96491.56 -> 8887.0464
A15: 14 | B15: C* + H → CH* | C15: =(0.079*('Local Environment'!$B$2-0.059*'Local Environment'!$C$2)+0.025)*96491.56 -> 1962.5418 | D15: =C15-E15 -> 129105.53 | E15: =(0.4688*('Local Environment'!$B$2-0.059*'Local Environment'!$C$2)-1.29)*96491.56 -> -127142.99
A16: 15 | B16: CH* + H → CH2* | C16: =(0.4567*('Local Environment'!$B$2-0.059*'Local Environment'!$C$2)+0.036)*96491.56 -> 873.70213 | D16: =C16-E16 -> 22085.451 | E16: =(0.4039*('Local Environment'!$B$2-0.059*'Local Environment'!$C$2)-0.196)*96491.56 -> -21211.749
A17: 16 | B17: CH2* + H →CH3* | C17: =(0.4089*('Local Environment'!$B$2-0.059*'Local Environment'!$C$2)+0.116)*96491.56 -> 8865.1524 | D17: =C17-E17 -> 86910.421 | E17: =(0.37*('Local Environment'!$B$2-0.059*'Local Environment'!$C$2)-0.787)*96491.56 -> -78045.268
A18: 17 | B18: CH3* + H → CH4* | C18: =(0.4645*('Local Environment'!$B$2-0.059*'Local Environment'!$C$2)+0.455)*96491.56 -> 41259.26 | D18: =C18-E18 -> 113425.11 | E18: =(0.422*('Local Environment'!$B$2-0.059*'Local Environment'!$C$2)-0.723)*96491.56 -> -72165.845
A19: 18 | B19: CH3O* + H → CH3OH* | C19: =(-0.0341*('Local Environment'!$B$2-0.059*'Local Environment'!$C$2)+0.112)*96491.56 -> 11001.186 | D19: =C19-E19 -> 26232.417 | E19: =(0.2856*('Local Environment'!$B$2-0.059*'Local Environment'!$C$2)-0.141)*96491.56 -> -15231.231
A20: 19 | B20: CO2*(bent) + H → HCOO* | C20: =(0.505*('Local Environment'!$B$2-0.059*'Local Environment'!$C$2)+0.26)*96491.56 -> 22212.84 | D20: =C20-E20 -> 99039.034 | E20: =(0.444*('Local Environment'!$B$2-0.059*'Local Environment'!$C$2)-0.77)*96491.56 -> -76826.194
A21: 20 | B21: HCOO* + H → HCOOH* | C21: =(0.499*('Local Environment'!$B$2-0.059*'Local Environment'!$C$2)+0.329)*96491.56 -> 28904.915 | D21: =C21-E21 -> -15264.367 | E21: =(0.5008*('Local Environment'!$B$2-0.059*'Local Environment'!$C$2)+0.4873)*96491.56 -> 44169.282
A22: 21 | B22: H + * → H* | C22: =(0.4519*('Local Environment'!$B$2-0.059*'Local Environment'!$C$2)+0.4288)*96491.56 -> 38802.913 | D22: =C22-E22 -> 52144.763 | E22: =(0.3944*('Local Environment'!$B$2-0.059*'Local Environment'!$C$2)-0.115)*96491.56 -> -13341.849
A23: 22 | B23: H* + H → H2 + * | C23: =(0.4519*('Local Environment'!$B$2-0.059*'Local Environment'!$C$2)+0.4288)*96491.56 -> 38802.913 | D23: =C23-E23 -> 60015.512 | E23: =(0.3871*('Local Environment'!$B$2-0.059*'Local Environment'!$C$2)-0.197)*96491.56 -> -21212.598
A24: 23 | B24: H* + H* → H2 + * + * | C24: =(-0.0077*('Local Environment'!$B$2-0.059*'Local Environment'!$C$2)+0.226)*96491.56 -> 21850.929 | D24: =C24-E24 -> -64296.736 | E24: =(-0.0627*('Local Environment'!$B$2)+0.8928)*96491.56 -> 86147.665
A25: 24 | B25: CO* → CO+ * | C25: 0 | D25: 0 | E25: =(-0.05*('Local Environment'!$B$2)+0.809)*96491.56 -> 78061.672
A26: 25 | B26: CH3OH* → CH3OH + * | C26: 0 | D26: 0 | E26: =(0.025*('Local Environment'!$B$2)+0.66)*96491.56 -> 63684.43
A27: 26 | B27: HCOOH* → HCOOH + * | C27: 0 | D27: 0 | E27: =(-0.01629*('Local Environment'!$B$2)+0.8422)*96491.56 -> 81265.192
A28: 27 | B28: CH2O* → CH2O + * | C28: 0 | D28: 0 | E28: =(-0.0311*('Local Environment'!$B$2)+1.077)*96491.56 -> 103921.41

Sheet Local Environment
A1: Pressure | B1: V | C1: pH
A2: -1 | B2: 0 | C2: 1

Sheet Input-Output Species
A1: Species | B1: Input MKMCXX
A2: H2O | B2: 1
A3: CO2 | B3: 1
A4: OH | B4: =10^-(14-'Local Environment'!C2) -> 1e-13
A5: CH4 | B5: 0
A6: H | B6: =10^(-'Local Environment'!C2) -> 0.1
A7: CH3OH | B7: 0
A8: CO | B8: 0
A9: HCOOH | B9: 0
A10: H2 | B10: 0
A11: CH2O | B11: 0
